image_path,label,label_name
/content/burn_data_sorted/First-degree/img298.jpg,0,First-degree
/content/burn_data_sorted/Second-degree/img670.jpg,1,Second-degree
/content/burn_data_sorted/Second-degree/img382.jpg,1,Second-degree
/content/burn_data_sorted/First-degree/img1195.jpg,0,First-degree
/content/burn_data_sorted/First-degree/img1379.jpg,0,First-degree
/content/burn_data_sorted/Second-degree/img64.jpg,1,Second-degree
/content/burn_data_sorted/Second-degree/img799.jpg,1,Second-degree
/content/burn_data_sorted/First-degree/img541.jpg,0,First-degree
/content/burn_data_sorted/Second-degree/img684.jpg,1,Second-degree
/content/burn_data_sorted/Second-degree/img551.jpg,1,Second-degree
/content/burn_data_sorted/Third-degree/img396.jpg,2,Third-degree
/content/burn_data_sorted/First-degree/img111.jpg,0,First-degree
/content/burn_data_sorted/Third-degree/img1016.jpg,2,Third-degree
/content/burn_data_sorted/Third-degree/img804.jpg,2,Third-degree
/content/burn_data_sorted/First-degree/img1263.jpg,0,First-degree
/content/burn_data_sorted/Second-degree/img1183.jpg,1,Second-degree
/content/burn_data_sorted/First-degree/img448.jpg,0,First-degree
/content/burn_data_sorted/Third-degree/img49.jpg,2,Third-degree
/content/burn_data_sorted/First-degree/img992.jpg,0,First-degree
/content/burn_data_sorted/First-degree/img283.jpg,0,First-degree
/content/burn_data_sorted/First-degree/img1087.jpg,0,First-degree
/content/burn_data_sorted/Second-degree/img924.jpg,1,Second-degree
/content/burn_data_sorted/Second-degree/img1310.jpg,1,Second-degree
/content/burn_data_sorted/Third-degree/img971.jpg,2,Third-degree
/content/burn_data_sorted/First-degree/img656.jpg,0,First-degree
/content/burn_data_sorted/Second-degree/img705.jpg,1,Second-degree
/content/burn_data_sorted/First-degree/img141.jpg,0,First-degree
/content/burn_data_sorted/Third-degree/img195.jpg,2,Third-degree
/content/burn_data_sorted/First-degree/img442.jpg,0,First-degree
/content/burn_data_sorted/First-degree/img120.jpg,0,First-degree
/content/burn_data_sorted/Second-degree/img549.jpg,1,Second-degree
/content/burn_data_sorted/Third-degree/img377.jpg,2,Third-degree
/content/burn_data_sorted/Second-degree/img1318.jpg,1,Second-degree
/content/burn_data_sorted/Third-degree/img834.jpg,2,Third-degree
/content/burn_data_sorted/First-degree/img389.jpg,0,First-degree
/content/burn_data_sorted/First-degree/img986.jpg,0,First-degree
/content/burn_data_sorted/First-degree/img758.jpg,0,First-degree
/content/burn_data_sorted/First-degree/img417.jpg,0,First-degree
/content/burn_data_sorted/First-degree/img584.jpg,0,First-degree
/content/burn_data_sorted/First-degree/img529.jpg,0,First-degree
/content/burn_data_sorted/Second-degree/img300.jpg,1,Second-degree
/content/burn_data_sorted/First-degree/img621.jpg,0,First-degree
/content/burn_data_sorted/First-degree/img1380.jpg,0,First-degree
/content/burn_data_sorted/First-degree/img642.jpg,0,First-degree
/content/burn_data_sorted/Second-degree/img587.jpg,1,Second-degree
/content/burn_data_sorted/Second-degree/img222.jpg,1,Second-degree
/content/burn_data_sorted/First-degree/img695.jpg,0,First-degree
/content/burn_data_sorted/First-degree/img1025.jpg,0,First-degree
/content/burn_data_sorted/Second-degree/img1274.jpg,1,Second-degree
/content/burn_data_sorted/Third-degree/img811.jpg,2,Third-degree
/content/burn_data_sorted/First-degree/img249.jpg,0,First-degree
/content/burn_data_sorted/Third-degree/img66.jpg,2,Third-degree
/content/burn_data_sorted/Second-degree/img262.jpg,1,Second-degree
/content/burn_data_sorted/Second-degree/img96.jpg,1,Second-degree
/content/burn_data_sorted/First-degree/img1130.jpg,0,First-degree
/content/burn_data_sorted/Second-degree/img122.jpg,1,Second-degree
/content/burn_data_sorted/Second-degree/img206.jpg,1,Second-degree
/content/burn_data_sorted/First-degree/img93.jpg,0,First-degree
/content/burn_data_sorted/Second-degree/img78.jpg,1,Second-degree
/content/burn_data_sorted/Third-degree/img1118.jpg,2,Third-degree
/content/burn_data_sorted/Second-degree/img1031.jpg,1,Second-degree
/content/burn_data_sorted/First-degree/img694.jpg,0,First-degree
/content/burn_data_sorted/First-degree/img332.jpg,0,First-degree
/content/burn_data_sorted/First-degree/img578.jpg,0,First-degree
/content/burn_data_sorted/First-degree/img565.jpg,0,First-degree
/content/burn_data_sorted/Third-degree/img278.jpg,2,Third-degree
/content/burn_data_sorted/Second-degree/img58.jpg,1,Second-degree
/content/burn_data_sorted/Third-degree/img87.jpg,2,Third-degree
/content/burn_data_sorted/First-degree/img157.jpg,0,First-degree
/content/burn_data_sorted/First-degree/img91.jpg,0,First-degree
/content/burn_data_sorted/Second-degree/img128.jpg,1,Second-degree
/content/burn_data_sorted/First-degree/img381.jpg,0,First-degree
/content/burn_data_sorted/Second-degree/img286.jpg,1,Second-degree
/content/burn_data_sorted/Third-degree/img384.jpg,2,Third-degree
/content/burn_data_sorted/Second-degree/img1021.jpg,1,Second-degree
/content/burn_data_sorted/First-degree/img1422.jpg,0,First-degree
/content/burn_data_sorted/Second-degree/img1372.jpg,1,Second-degree
/content/burn_data_sorted/First-degree/img220.jpg,0,First-degree
/content/burn_data_sorted/First-degree/img735.jpg,0,First-degree
/content/burn_data_sorted/First-degree/img664.jpg,0,First-degree
/content/burn_data_sorted/Second-degree/img361.jpg,1,Second-degree
/content/burn_data_sorted/Second-degree/img1411.jpg,1,Second-degree
/content/burn_data_sorted/First-degree/img351.jpg,0,First-degree
/content/burn_data_sorted/Second-degree/img725.jpg,1,Second-degree
/content/burn_data_sorted/Third-degree/img131.jpg,2,Third-degree
/content/burn_data_sorted/Third-degree/img1128.jpg,2,Third-degree
/content/burn_data_sorted/First-degree/img1363.jpg,0,First-degree
/content/burn_data_sorted/Third-degree/img24.jpg,2,Third-degree
/content/burn_data_sorted/First-degree/img56.jpg,0,First-degree
/content/burn_data_sorted/Second-degree/img1216.jpg,1,Second-degree
/content/burn_data_sorted/Third-degree/img1256.jpg,2,Third-degree
/content/burn_data_sorted/Third-degree/img1048.jpg,2,Third-degree
/content/burn_data_sorted/First-degree/img659.jpg,0,First-degree
/content/burn_data_sorted/First-degree/img452.jpg,0,First-degree
/content/burn_data_sorted/Third-degree/img1407.jpg,2,Third-degree
/content/burn_data_sorted/Second-degree/img1099.jpg,1,Second-degree
/content/burn_data_sorted/Third-degree/img12.jpg,2,Third-degree
/content/burn_data_sorted/First-degree/img100.jpg,0,First-degree
/content/burn_data_sorted/Second-degree/img312.jpg,1,Second-degree
/content/burn_data_sorted/Second-degree/img974.jpg,1,Second-degree
/content/burn_data_sorted/Third-degree/img164.jpg,2,Third-degree
/content/burn_data_sorted/Second-degree/img1.jpg,1,Second-degree
/content/burn_data_sorted/First-degree/img402.jpg,0,First-degree
/content/burn_data_sorted/Second-degree/img405.jpg,1,Second-degree
/content/burn_data_sorted/Second-degree/img310.jpg,1,Second-degree
/content/burn_data_sorted/First-degree/img62.jpg,0,First-degree
/content/burn_data_sorted/First-degree/img569.jpg,0,First-degree
/content/burn_data_sorted/Second-degree/img1406.jpg,1,Second-degree
/content/burn_data_sorted/Second-degree/img474.jpg,1,Second-degree
/content/burn_data_sorted/First-degree/img1138.jpg,0,First-degree
/content/burn_data_sorted/First-degree/img380.jpg,0,First-degree
/content/burn_data_sorted/First-degree/img1042.jpg,0,First-degree
/content/burn_data_sorted/Second-degree/img805.jpg,1,Second-degree
/content/burn_data_sorted/First-degree/img1103.jpg,0,First-degree
/content/burn_data_sorted/First-degree/img850.jpg,0,First-degree
/content/burn_data_sorted/Second-degree/img1189.jpg,1,Second-degree
/content/burn_data_sorted/Third-degree/img1063.jpg,2,Third-degree
/content/burn_data_sorted/Second-degree/img204.jpg,1,Second-degree
/content/burn_data_sorted/Third-degree/img1143.jpg,2,Third-degree
/content/burn_data_sorted/First-degree/img932.jpg,0,First-degree
/content/burn_data_sorted/First-degree/img245.jpg,0,First-degree
/content/burn_data_sorted/First-degree/img769.jpg,0,First-degree
/content/burn_data_sorted/Second-degree/img1174.jpg,1,Second-degree
/content/burn_data_sorted/Second-degree/img238.jpg,1,Second-degree
/content/burn_data_sorted/Second-degree/img534.jpg,1,Second-degree
/content/burn_data_sorted/Third-degree/img15.jpg,2,Third-degree
/content/burn_data_sorted/Second-degree/img449.jpg,1,Second-degree
/content/burn_data_sorted/First-degree/img806.jpg,0,First-degree
/content/burn_data_sorted/First-degree/img837.jpg,0,First-degree
/content/burn_data_sorted/Third-degree/img258.jpg,2,Third-degree
/content/burn_data_sorted/First-degree/img1156.jpg,0,First-degree
/content/burn_data_sorted/First-degree/img193.jpg,0,First-degree
/content/burn_data_sorted/Second-degree/img690.jpg,1,Second-degree
/content/burn_data_sorted/Second-degree/img1287.jpg,1,Second-degree
/content/burn_data_sorted/Second-degree/img395.jpg,1,Second-degree
/content/burn_data_sorted/Second-degree/img516.jpg,1,Second-degree
/content/burn_data_sorted/Second-degree/img1104.jpg,1,Second-degree
/content/burn_data_sorted/First-degree/img1343.jpg,0,First-degree
/content/burn_data_sorted/Second-degree/img1416.jpg,1,Second-degree
/content/burn_data_sorted/Second-degree/img790.jpg,1,Second-degree
/content/burn_data_sorted/Third-degree/img961.jpg,2,Third-degree
/content/burn_data_sorted/First-degree/img561.jpg,0,First-degree
/content/burn_data_sorted/Second-degree/img580.jpg,1,Second-degree
/content/burn_data_sorted/First-degree/img1230.jpg,0,First-degree
/content/burn_data_sorted/Second-degree/img253.jpg,1,Second-degree
/content/burn_data_sorted/Second-degree/img1393.jpg,1,Second-degree
/content/burn_data_sorted/First-degree/img518.jpg,0,First-degree
/content/burn_data_sorted/Second-degree/img172.jpg,1,Second-degree
/content/burn_data_sorted/Second-degree/img707.jpg,1,Second-degree
/content/burn_data_sorted/Third-degree/img1127.jpg,2,Third-degree
/content/burn_data_sorted/First-degree/img475.jpg,0,First-degree
/content/burn_data_sorted/First-degree/img125.jpg,0,First-degree
/content/burn_data_sorted/First-degree/img717.jpg,0,First-degree
/content/burn_data_sorted/Second-degree/img266.jpg,1,Second-degree
/content/burn_data_sorted/Second-degree/img5.jpg,1,Second-degree
/content/burn_data_sorted/Second-degree/img483.jpg,1,Second-degree
/content/burn_data_sorted/Third-degree/img1011.jpg,2,Third-degree
/content/burn_data_sorted/Second-degree/img1069.jpg,1,Second-degree
/content/burn_data_sorted/First-degree/img89.jpg,0,First-degree
/content/burn_data_sorted/First-degree/img116.jpg,0,First-degree
/content/burn_data_sorted/First-degree/img347.jpg,0,First-degree
/content/burn_data_sorted/First-degree/img296.jpg,0,First-degree
/content/burn_data_sorted/First-degree/img662.jpg,0,First-degree
/content/burn_data_sorted/First-degree/img331.jpg,0,First-degree
/content/burn_data_sorted/First-degree/img485.jpg,0,First-degree
/content/burn_data_sorted/Second-degree/img623.jpg,1,Second-degree
/content/burn_data_sorted/Third-degree/img536.jpg,2,Third-degree
/content/burn_data_sorted/Second-degree/img282.jpg,1,Second-degree
/content/burn_data_sorted/First-degree/img733.jpg,0,First-degree
/content/burn_data_sorted/Second-degree/img648.jpg,1,Second-degree
/content/burn_data_sorted/First-degree/img454.jpg,0,First-degree
/content/burn_data_sorted/First-degree/img306.jpg,0,First-degree
/content/burn_data_sorted/Third-degree/img212.jpg,2,Third-degree
/content/burn_data_sorted/First-degree/img683.jpg,0,First-degree
/content/burn_data_sorted/Second-degree/img1332.jpg,1,Second-degree
/content/burn_data_sorted/Third-degree/img461.jpg,2,Third-degree
/content/burn_data_sorted/First-degree/img94.jpg,0,First-degree
/content/burn_data_sorted/Second-degree/img1388.jpg,1,Second-degree
/content/burn_data_sorted/Second-degree/img832.jpg,1,Second-degree
/content/burn_data_sorted/Second-degree/img1165.jpg,1,Second-degree
/content/burn_data_sorted/First-degree/img625.jpg,0,First-degree
/content/burn_data_sorted/Second-degree/img1041.jpg,1,Second-degree
/content/burn_data_sorted/Second-degree/img152.jpg,1,Second-degree
/content/burn_data_sorted/First-degree/img828.jpg,0,First-degree
/content/burn_data_sorted/First-degree/img355.jpg,0,First-degree
/content/burn_data_sorted/Second-degree/img760.jpg,1,Second-degree
/content/burn_data_sorted/First-degree/img336.jpg,0,First-degree
/content/burn_data_sorted/Second-degree/img176.jpg,1,Second-degree
/content/burn_data_sorted/First-degree/img576.jpg,0,First-degree
/content/burn_data_sorted/First-degree/img610.jpg,0,First-degree
/content/burn_data_sorted/Second-degree/img566.jpg,1,Second-degree
/content/burn_data_sorted/Third-degree/img741.jpg,2,Third-degree
/content/burn_data_sorted/Third-degree/img1055.jpg,2,Third-degree
/content/burn_data_sorted/Third-degree/img1253.jpg,2,Third-degree
/content/burn_data_sorted/Second-degree/img980.jpg,1,Second-degree
/content/burn_data_sorted/Second-degree/img948.jpg,1,Second-degree
/content/burn_data_sorted/Second-degree/img237.jpg,1,Second-degree
/content/burn_data_sorted/First-degree/img151.jpg,0,First-degree
/content/burn_data_sorted/First-degree/img1344.jpg,0,First-degree
/content/burn_data_sorted/Second-degree/img498.jpg,1,Second-degree
/content/burn_data_sorted/Second-degree/img231.jpg,1,Second-degree
/content/burn_data_sorted/First-degree/img63.jpg,0,First-degree
/content/burn_data_sorted/First-degree/img455.jpg,0,First-degree
/content/burn_data_sorted/First-degree/img767.jpg,0,First-degree
/content/burn_data_sorted/Second-degree/img861.jpg,1,Second-degree
/content/burn_data_sorted/First-degree/img243.jpg,0,First-degree
/content/burn_data_sorted/Second-degree/img1331.jpg,1,Second-degree
/content/burn_data_sorted/First-degree/img928.jpg,0,First-degree
/content/burn_data_sorted/First-degree/img1136.jpg,0,First-degree
/content/burn_data_sorted/First-degree/img548.jpg,0,First-degree
/content/burn_data_sorted/First-degree/img0.jpg,0,First-degree
/content/burn_data_sorted/Second-degree/img600.jpg,1,Second-degree
/content/burn_data_sorted/First-degree/img1440.jpg,0,First-degree
/content/burn_data_sorted/Second-degree/img1272.jpg,1,Second-degree
/content/burn_data_sorted/Second-degree/img533.jpg,1,Second-degree
/content/burn_data_sorted/First-degree/img1330.jpg,0,First-degree
/content/burn_data_sorted/Third-degree/img345.jpg,2,Third-degree
/content/burn_data_sorted/First-degree/img1004.jpg,0,First-degree
/content/burn_data_sorted/Second-degree/img293.jpg,1,Second-degree
/content/burn_data_sorted/Second-degree/img1154.jpg,1,Second-degree
/content/burn_data_sorted/First-degree/img223.jpg,0,First-degree
/content/burn_data_sorted/Third-degree/img672.jpg,2,Third-degree
/content/burn_data_sorted/Second-degree/img544.jpg,1,Second-degree
/content/burn_data_sorted/Second-degree/img1050.jpg,1,Second-degree
/content/burn_data_sorted/Third-degree/img440.jpg,2,Third-degree
/content/burn_data_sorted/First-degree/img1315.jpg,0,First-degree
/content/burn_data_sorted/Second-degree/img853.jpg,1,Second-degree
/content/burn_data_sorted/First-degree/img552.jpg,0,First-degree
/content/burn_data_sorted/Second-degree/img1283.jpg,1,Second-degree
/content/burn_data_sorted/Second-degree/img923.jpg,1,Second-degree
/content/burn_data_sorted/Third-degree/img907.jpg,2,Third-degree
/content/burn_data_sorted/Third-degree/img487.jpg,2,Third-degree
/content/burn_data_sorted/First-degree/img1383.jpg,0,First-degree
/content/burn_data_sorted/Second-degree/img1029.jpg,1,Second-degree
/content/burn_data_sorted/Second-degree/img401.jpg,1,Second-degree
/content/burn_data_sorted/First-degree/img441.jpg,0,First-degree
/content/burn_data_sorted/Second-degree/img978.jpg,1,Second-degree
/content/burn_data_sorted/First-degree/img14.jpg,0,First-degree
/content/burn_data_sorted/Second-degree/img77.jpg,1,Second-degree
/content/burn_data_sorted/Second-degree/img972.jpg,1,Second-degree
/content/burn_data_sorted/Second-degree/img1436.jpg,1,Second-degree
/content/burn_data_sorted/Second-degree/img83.jpg,1,Second-degree
/content/burn_data_sorted/First-degree/img1335.jpg,0,First-degree
/content/burn_data_sorted/First-degree/img505.jpg,0,First-degree
/content/burn_data_sorted/Second-degree/img410.jpg,1,Second-degree
/content/burn_data_sorted/Third-degree/img1418.jpg,2,Third-degree
/content/burn_data_sorted/Second-degree/img1262.jpg,1,Second-degree
/content/burn_data_sorted/First-degree/img1201.jpg,0,First-degree
/content/burn_data_sorted/Second-degree/img374.jpg,1,Second-degree
/content/burn_data_sorted/First-degree/img97.jpg,0,First-degree
/content/burn_data_sorted/First-degree/img1172.jpg,0,First-degree
/content/burn_data_sorted/Second-degree/img294.jpg,1,Second-degree
/content/burn_data_sorted/Third-degree/img364.jpg,2,Third-degree
/content/burn_data_sorted/Third-degree/img845.jpg,2,Third-degree
/content/burn_data_sorted/Second-degree/img1242.jpg,1,Second-degree
/content/burn_data_sorted/Second-degree/img617.jpg,1,Second-degree
/content/burn_data_sorted/Second-degree/img22.jpg,1,Second-degree
/content/burn_data_sorted/Second-degree/img153.jpg,1,Second-degree
/content/burn_data_sorted/First-degree/img1105.jpg,0,First-degree
/content/burn_data_sorted/Second-degree/img127.jpg,1,Second-degree
/content/burn_data_sorted/Second-degree/img350.jpg,1,Second-degree
/content/burn_data_sorted/First-degree/img691.jpg,0,First-degree
/content/burn_data_sorted/Third-degree/img297.jpg,2,Third-degree
/content/burn_data_sorted/First-degree/img757.jpg,0,First-degree
/content/burn_data_sorted/First-degree/img494.jpg,0,First-degree
/content/burn_data_sorted/Third-degree/img314.jpg,2,Third-degree
/content/burn_data_sorted/Second-degree/img210.jpg,1,Second-degree
/content/burn_data_sorted/First-degree/img1019.jpg,0,First-degree
/content/burn_data_sorted/Third-degree/img471.jpg,2,Third-degree
/content/burn_data_sorted/Second-degree/img1212.jpg,1,Second-degree
/content/burn_data_sorted/First-degree/img1054.jpg,0,First-degree
/content/burn_data_sorted/Second-degree/img291.jpg,1,Second-degree
/content/burn_data_sorted/First-degree/img803.jpg,0,First-degree
/content/burn_data_sorted/Third-degree/img667.jpg,2,Third-degree
/content/burn_data_sorted/First-degree/img1202.jpg,0,First-degree
/content/burn_data_sorted/First-degree/img1185.jpg,0,First-degree
/content/burn_data_sorted/Third-degree/img748.jpg,2,Third-degree
/content/burn_data_sorted/Third-degree/img1392.jpg,2,Third-degree
/content/burn_data_sorted/Second-degree/img123.jpg,1,Second-degree
/content/burn_data_sorted/First-degree/img987.jpg,0,First-degree
/content/burn_data_sorted/First-degree/img1043.jpg,0,First-degree
/content/burn_data_sorted/Third-degree/img52.jpg,2,Third-degree
/content/burn_data_sorted/First-degree/img1352.jpg,0,First-degree
/content/burn_data_sorted/Second-degree/img1106.jpg,1,Second-degree
/content/burn_data_sorted/First-degree/img37.jpg,0,First-degree
/content/burn_data_sorted/First-degree/img1237.jpg,0,First-degree
/content/burn_data_sorted/Second-degree/img333.jpg,1,Second-degree
/content/burn_data_sorted/Third-degree/img1320.jpg,2,Third-degree
/content/burn_data_sorted/Second-degree/img339.jpg,1,Second-degree
/content/burn_data_sorted/First-degree/img308.jpg,0,First-degree
/content/burn_data_sorted/First-degree/img325.jpg,0,First-degree
/content/burn_data_sorted/Second-degree/img1327.jpg,1,Second-degree
/content/burn_data_sorted/Second-degree/img526.jpg,1,Second-degree
/content/burn_data_sorted/Third-degree/img871.jpg,2,Third-degree
/content/burn_data_sorted/Second-degree/img232.jpg,1,Second-degree
/content/burn_data_sorted/First-degree/img209.jpg,0,First-degree
/content/burn_data_sorted/First-degree/img523.jpg,0,First-degree
/content/burn_data_sorted/Third-degree/img1245.jpg,2,Third-degree
/content/burn_data_sorted/First-degree/img72.jpg,0,First-degree
/content/burn_data_sorted/Second-degree/img783.jpg,1,Second-degree
/content/burn_data_sorted/Third-degree/img827.jpg,2,Third-degree
/content/burn_data_sorted/First-degree/img746.jpg,0,First-degree
/content/burn_data_sorted/First-degree/img654.jpg,0,First-degree
/content/burn_data_sorted/First-degree/img867.jpg,0,First-degree
/content/burn_data_sorted/Second-degree/img109.jpg,1,Second-degree
/content/burn_data_sorted/Second-degree/img901.jpg,1,Second-degree
/content/burn_data_sorted/Second-degree/img1369.jpg,1,Second-degree
/content/burn_data_sorted/Second-degree/img917.jpg,1,Second-degree
/content/burn_data_sorted/Second-degree/img1072.jpg,1,Second-degree
/content/burn_data_sorted/Second-degree/img1027.jpg,1,Second-degree
/content/burn_data_sorted/Third-degree/img1005.jpg,2,Third-degree
/content/burn_data_sorted/First-degree/img817.jpg,0,First-degree
/content/burn_data_sorted/Second-degree/img214.jpg,1,Second-degree
/content/burn_data_sorted/Second-degree/img508.jpg,1,Second-degree
/content/burn_data_sorted/First-degree/img41.jpg,0,First-degree
/content/burn_data_sorted/Second-degree/img1241.jpg,1,Second-degree
/content/burn_data_sorted/Second-degree/img1337.jpg,1,Second-degree
/content/burn_data_sorted/Second-degree/img205.jpg,1,Second-degree
/content/burn_data_sorted/Third-degree/img1302.jpg,2,Third-degree
/content/burn_data_sorted/First-degree/img284.jpg,0,First-degree
/content/burn_data_sorted/Second-degree/img188.jpg,1,Second-degree
/content/burn_data_sorted/First-degree/img699.jpg,0,First-degree
/content/burn_data_sorted/First-degree/img646.jpg,0,First-degree
/content/burn_data_sorted/First-degree/img681.jpg,0,First-degree
/content/burn_data_sorted/Third-degree/img1007.jpg,2,Third-degree
/content/burn_data_sorted/First-degree/img1285.jpg,0,First-degree
/content/burn_data_sorted/First-degree/img553.jpg,0,First-degree
/content/burn_data_sorted/First-degree/img1188.jpg,0,First-degree
/content/burn_data_sorted/Second-degree/img178.jpg,1,Second-degree
/content/burn_data_sorted/Second-degree/img149.jpg,1,Second-degree
/content/burn_data_sorted/First-degree/img555.jpg,0,First-degree
/content/burn_data_sorted/First-degree/img1365.jpg,0,First-degree
/content/burn_data_sorted/Second-degree/img711.jpg,1,Second-degree
/content/burn_data_sorted/Second-degree/img1224.jpg,1,Second-degree
/content/burn_data_sorted/First-degree/img1170.jpg,0,First-degree
/content/burn_data_sorted/Third-degree/img344.jpg,2,Third-degree
/content/burn_data_sorted/Second-degree/img202.jpg,1,Second-degree
/content/burn_data_sorted/First-degree/img29.jpg,0,First-degree
/content/burn_data_sorted/First-degree/img481.jpg,0,First-degree
/content/burn_data_sorted/First-degree/img110.jpg,0,First-degree
/content/burn_data_sorted/Second-degree/img1271.jpg,1,Second-degree
/content/burn_data_sorted/First-degree/img1171.jpg,0,First-degree
/content/burn_data_sorted/First-degree/img1346.jpg,0,First-degree
/content/burn_data_sorted/Third-degree/img1293.jpg,2,Third-degree
/content/burn_data_sorted/Second-degree/img1114.jpg,1,Second-degree
/content/burn_data_sorted/Third-degree/img1370.jpg,2,Third-degree
/content/burn_data_sorted/Second-degree/img42.jpg,1,Second-degree
/content/burn_data_sorted/Second-degree/img763.jpg,1,Second-degree
/content/burn_data_sorted/Second-degree/img329.jpg,1,Second-degree
/content/burn_data_sorted/First-degree/img969.jpg,0,First-degree
/content/burn_data_sorted/First-degree/img1013.jpg,0,First-degree
/content/burn_data_sorted/Second-degree/img697.jpg,1,Second-degree
/content/burn_data_sorted/Second-degree/img1040.jpg,1,Second-degree
/content/burn_data_sorted/First-degree/img268.jpg,0,First-degree
/content/burn_data_sorted/Second-degree/img752.jpg,1,Second-degree
/content/burn_data_sorted/Third-degree/img499.jpg,2,Third-degree
/content/burn_data_sorted/First-degree/img1194.jpg,0,First-degree
/content/burn_data_sorted/Second-degree/img673.jpg,1,Second-degree
/content/burn_data_sorted/Second-degree/img762.jpg,1,Second-degree
/content/burn_data_sorted/First-degree/img640.jpg,0,First-degree
/content/burn_data_sorted/First-degree/img304.jpg,0,First-degree
/content/burn_data_sorted/Second-degree/img479.jpg,1,Second-degree
/content/burn_data_sorted/First-degree/img480.jpg,0,First-degree
/content/burn_data_sorted/First-degree/img322.jpg,0,First-degree
/content/burn_data_sorted/Second-degree/img721.jpg,1,Second-degree
/content/burn_data_sorted/Second-degree/img1086.jpg,1,Second-degree
/content/burn_data_sorted/Second-degree/img680.jpg,1,Second-degree
/content/burn_data_sorted/First-degree/img324.jpg,0,First-degree
/content/burn_data_sorted/First-degree/img655.jpg,0,First-degree
/content/burn_data_sorted/First-degree/img348.jpg,0,First-degree
/content/burn_data_sorted/Second-degree/img21.jpg,1,Second-degree
/content/burn_data_sorted/Second-degree/img349.jpg,1,Second-degree
/content/burn_data_sorted/Second-degree/img9.jpg,1,Second-degree
/content/burn_data_sorted/Second-degree/img1367.jpg,1,Second-degree
/content/burn_data_sorted/First-degree/img1107.jpg,0,First-degree
/content/burn_data_sorted/First-degree/img652.jpg,0,First-degree
/content/burn_data_sorted/Second-degree/img1336.jpg,1,Second-degree
/content/burn_data_sorted/First-degree/img1291.jpg,0,First-degree
/content/burn_data_sorted/Second-degree/img1160.jpg,1,Second-degree
/content/burn_data_sorted/Second-degree/img704.jpg,1,Second-degree
/content/burn_data_sorted/First-degree/img958.jpg,0,First-degree
/content/burn_data_sorted/First-degree/img458.jpg,0,First-degree
/content/burn_data_sorted/First-degree/img816.jpg,0,First-degree
/content/burn_data_sorted/Second-degree/img1313.jpg,1,Second-degree
/content/burn_data_sorted/First-degree/img20.jpg,0,First-degree
/content/burn_data_sorted/First-degree/img399.jpg,0,First-degree
/content/burn_data_sorted/First-degree/img626.jpg,0,First-degree
/content/burn_data_sorted/First-degree/img226.jpg,0,First-degree
/content/burn_data_sorted/Second-degree/img57.jpg,1,Second-degree
/content/burn_data_sorted/First-degree/img1415.jpg,0,First-degree
/content/burn_data_sorted/Second-degree/img641.jpg,1,Second-degree
/content/burn_data_sorted/Third-degree/img1254.jpg,2,Third-degree
/content/burn_data_sorted/First-degree/img74.jpg,0,First-degree
/content/burn_data_sorted/Second-degree/img713.jpg,1,Second-degree
/content/burn_data_sorted/First-degree/img1233.jpg,0,First-degree
/content/burn_data_sorted/Second-degree/img82.jpg,1,Second-degree
/content/burn_data_sorted/Second-degree/img701.jpg,1,Second-degree
/content/burn_data_sorted/First-degree/img1220.jpg,0,First-degree
/content/burn_data_sorted/Second-degree/img899.jpg,1,Second-degree
/content/burn_data_sorted/Second-degree/img671.jpg,1,Second-degree
/content/burn_data_sorted/First-degree/img780.jpg,0,First-degree
/content/burn_data_sorted/Second-degree/img1427.jpg,1,Second-degree
/content/burn_data_sorted/Second-degree/img1157.jpg,1,Second-degree
/content/burn_data_sorted/First-degree/img346.jpg,0,First-degree
/content/burn_data_sorted/First-degree/img546.jpg,0,First-degree
/content/burn_data_sorted/Second-degree/img129.jpg,1,Second-degree
/content/burn_data_sorted/First-degree/img665.jpg,0,First-degree
/content/burn_data_sorted/Second-degree/img353.jpg,1,Second-degree
/content/burn_data_sorted/First-degree/img163.jpg,0,First-degree
/content/burn_data_sorted/Third-degree/img573.jpg,2,Third-degree
/content/burn_data_sorted/First-degree/img239.jpg,0,First-degree
/content/burn_data_sorted/Second-degree/img1093.jpg,1,Second-degree
/content/burn_data_sorted/Third-degree/img468.jpg,2,Third-degree
/content/burn_data_sorted/Second-degree/img217.jpg,1,Second-degree
/content/burn_data_sorted/Third-degree/img949.jpg,2,Third-degree
/content/burn_data_sorted/Second-degree/img943.jpg,1,Second-degree
/content/burn_data_sorted/Third-degree/img983.jpg,2,Third-degree
/content/burn_data_sorted/Second-degree/img1251.jpg,1,Second-degree
/content/burn_data_sorted/Second-degree/img130.jpg,1,Second-degree
/content/burn_data_sorted/Third-degree/img1381.jpg,2,Third-degree
/content/burn_data_sorted/Second-degree/img1276.jpg,1,Second-degree
/content/burn_data_sorted/Third-degree/img260.jpg,2,Third-degree
/content/burn_data_sorted/First-degree/img473.jpg,0,First-degree
/content/burn_data_sorted/Second-degree/img784.jpg,1,Second-degree
/content/burn_data_sorted/Second-degree/img411.jpg,1,Second-degree
/content/burn_data_sorted/First-degree/img434.jpg,0,First-degree
/content/burn_data_sorted/Third-degree/img627.jpg,2,Third-degree
/content/burn_data_sorted/First-degree/img839.jpg,0,First-degree
/content/burn_data_sorted/Second-degree/img1023.jpg,1,Second-degree
/content/burn_data_sorted/Second-degree/img1081.jpg,1,Second-degree
/content/burn_data_sorted/First-degree/img1260.jpg,0,First-degree
/content/burn_data_sorted/First-degree/img271.jpg,0,First-degree
/content/burn_data_sorted/First-degree/img1180.jpg,0,First-degree
/content/burn_data_sorted/Third-degree/img1282.jpg,2,Third-degree
/content/burn_data_sorted/Second-degree/img564.jpg,1,Second-degree
/content/burn_data_sorted/Third-degree/img1002.jpg,2,Third-degree
/content/burn_data_sorted/Second-degree/img719.jpg,1,Second-degree
/content/burn_data_sorted/Second-degree/img1217.jpg,1,Second-degree
/content/burn_data_sorted/Second-degree/img616.jpg,1,Second-degree
/content/burn_data_sorted/First-degree/img1096.jpg,0,First-degree
/content/burn_data_sorted/Second-degree/img240.jpg,1,Second-degree
/content/burn_data_sorted/Second-degree/img864.jpg,1,Second-degree
/content/burn_data_sorted/First-degree/img937.jpg,0,First-degree
/content/burn_data_sorted/First-degree/img612.jpg,0,First-degree
/content/burn_data_sorted/Third-degree/img229.jpg,2,Third-degree
/content/burn_data_sorted/First-degree/img430.jpg,0,First-degree
/content/burn_data_sorted/Third-degree/img751.jpg,2,Third-degree
/content/burn_data_sorted/Second-degree/img1124.jpg,1,Second-degree
/content/burn_data_sorted/First-degree/img352.jpg,0,First-degree
/content/burn_data_sorted/Third-degree/img1033.jpg,2,Third-degree
/content/burn_data_sorted/Second-degree/img255.jpg,1,Second-degree
/content/burn_data_sorted/Third-degree/img365.jpg,2,Third-degree
/content/burn_data_sorted/Second-degree/img1198.jpg,1,Second-degree
/content/burn_data_sorted/First-degree/img196.jpg,0,First-degree
/content/burn_data_sorted/Third-degree/img527.jpg,2,Third-degree
/content/burn_data_sorted/First-degree/img257.jpg,0,First-degree
/content/burn_data_sorted/First-degree/img466.jpg,0,First-degree
/content/burn_data_sorted/Second-degree/img706.jpg,1,Second-degree
/content/burn_data_sorted/First-degree/img1092.jpg,0,First-degree
/content/burn_data_sorted/First-degree/img668.jpg,0,First-degree
/content/burn_data_sorted/First-degree/img338.jpg,0,First-degree
/content/burn_data_sorted/Second-degree/img1181.jpg,1,Second-degree
/content/burn_data_sorted/Third-degree/img849.jpg,2,Third-degree
/content/burn_data_sorted/First-degree/img542.jpg,0,First-degree
/content/burn_data_sorted/First-degree/img3.jpg,0,First-degree
/content/burn_data_sorted/First-degree/img620.jpg,0,First-degree
/content/burn_data_sorted/First-degree/img492.jpg,0,First-degree
/content/burn_data_sorted/Second-degree/img1410.jpg,1,Second-degree
/content/burn_data_sorted/Third-degree/img645.jpg,2,Third-degree
/content/burn_data_sorted/First-degree/img525.jpg,0,First-degree
/content/burn_data_sorted/First-degree/img267.jpg,0,First-degree
/content/burn_data_sorted/First-degree/img708.jpg,0,First-degree
/content/burn_data_sorted/First-degree/img118.jpg,0,First-degree
/content/burn_data_sorted/Second-degree/img603.jpg,1,Second-degree
/content/burn_data_sorted/First-degree/img1078.jpg,0,First-degree
/content/burn_data_sorted/Second-degree/img1304.jpg,1,Second-degree
/content/burn_data_sorted/First-degree/img594.jpg,0,First-degree
/content/burn_data_sorted/First-degree/img497.jpg,0,First-degree
/content/burn_data_sorted/First-degree/img532.jpg,0,First-degree
/content/burn_data_sorted/First-degree/img676.jpg,0,First-degree
/content/burn_data_sorted/First-degree/img698.jpg,0,First-degree
/content/burn_data_sorted/Second-degree/img559.jpg,1,Second-degree
/content/burn_data_sorted/Third-degree/img624.jpg,2,Third-degree
/content/burn_data_sorted/Second-degree/img477.jpg,1,Second-degree
/content/burn_data_sorted/Second-degree/img328.jpg,1,Second-degree
/content/burn_data_sorted/First-degree/img1404.jpg,0,First-degree
/content/burn_data_sorted/Second-degree/img321.jpg,1,Second-degree
/content/burn_data_sorted/Second-degree/img891.jpg,1,Second-degree
/content/burn_data_sorted/First-degree/img938.jpg,0,First-degree
/content/burn_data_sorted/First-degree/img13.jpg,0,First-degree
/content/burn_data_sorted/Second-degree/img32.jpg,1,Second-degree
/content/burn_data_sorted/Second-degree/img753.jpg,1,Second-degree
/content/burn_data_sorted/First-degree/img413.jpg,0,First-degree
/content/burn_data_sorted/Second-degree/img1417.jpg,1,Second-degree
/content/burn_data_sorted/First-degree/img465.jpg,0,First-degree
/content/burn_data_sorted/Second-degree/img155.jpg,1,Second-degree
/content/burn_data_sorted/First-degree/img46.jpg,0,First-degree
/content/burn_data_sorted/Second-degree/img586.jpg,1,Second-degree
/content/burn_data_sorted/First-degree/img782.jpg,0,First-degree
/content/burn_data_sorted/First-degree/img567.jpg,0,First-degree
/content/burn_data_sorted/First-degree/img292.jpg,0,First-degree
/content/burn_data_sorted/First-degree/img169.jpg,0,First-degree
/content/burn_data_sorted/Second-degree/img540.jpg,1,Second-degree
/content/burn_data_sorted/Third-degree/img1306.jpg,2,Third-degree
/content/burn_data_sorted/First-degree/img633.jpg,0,First-degree
/content/burn_data_sorted/Third-degree/img1426.jpg,2,Third-degree
/content/burn_data_sorted/Second-degree/img1353.jpg,1,Second-degree
/content/burn_data_sorted/First-degree/img30.jpg,0,First-degree
/content/burn_data_sorted/Second-degree/img184.jpg,1,Second-degree
/content/burn_data_sorted/Second-degree/img103.jpg,1,Second-degree
/content/burn_data_sorted/First-degree/img414.jpg,0,First-degree
/content/burn_data_sorted/Second-degree/img197.jpg,1,Second-degree
/content/burn_data_sorted/Second-degree/img977.jpg,1,Second-degree
/content/burn_data_sorted/Second-degree/img88.jpg,1,Second-degree
/content/burn_data_sorted/Third-degree/img504.jpg,2,Third-degree
/content/burn_data_sorted/Second-degree/img1200.jpg,1,Second-degree
/content/burn_data_sorted/Second-degree/img950.jpg,1,Second-degree
/content/burn_data_sorted/Second-degree/img295.jpg,1,Second-degree
/content/burn_data_sorted/First-degree/img1403.jpg,0,First-degree
/content/burn_data_sorted/First-degree/img274.jpg,0,First-degree
/content/burn_data_sorted/First-degree/img848.jpg,0,First-degree
/content/burn_data_sorted/First-degree/img604.jpg,0,First-degree
/content/burn_data_sorted/First-degree/img367.jpg,0,First-degree
/content/burn_data_sorted/First-degree/img1014.jpg,0,First-degree
/content/burn_data_sorted/Third-degree/img6.jpg,2,Third-degree
/content/burn_data_sorted/First-degree/img738.jpg,0,First-degree
/content/burn_data_sorted/Second-degree/img651.jpg,1,Second-degree
/content/burn_data_sorted/First-degree/img869.jpg,0,First-degree
/content/burn_data_sorted/First-degree/img67.jpg,0,First-degree
/content/burn_data_sorted/First-degree/img343.jpg,0,First-degree
/content/burn_data_sorted/Second-degree/img1321.jpg,1,Second-degree
/content/burn_data_sorted/Second-degree/img933.jpg,1,Second-degree
/content/burn_data_sorted/Second-degree/img838.jpg,1,Second-degree
/content/burn_data_sorted/Third-degree/img84.jpg,2,Third-degree
/content/burn_data_sorted/Second-degree/img299.jpg,1,Second-degree
/content/burn_data_sorted/First-degree/img734.jpg,0,First-degree
/content/burn_data_sorted/Second-degree/img1234.jpg,1,Second-degree
/content/burn_data_sorted/Second-degree/img872.jpg,1,Second-degree
/content/burn_data_sorted/First-degree/img634.jpg,0,First-degree
/content/burn_data_sorted/First-degree/img535.jpg,0,First-degree
/content/burn_data_sorted/First-degree/img844.jpg,0,First-degree
/content/burn_data_sorted/First-degree/img689.jpg,0,First-degree
/content/burn_data_sorted/Second-degree/img887.jpg,1,Second-degree
/content/burn_data_sorted/Third-degree/img957.jpg,2,Third-degree
/content/burn_data_sorted/Third-degree/img1062.jpg,2,Third-degree
/content/burn_data_sorted/Second-degree/img619.jpg,1,Second-degree
/content/burn_data_sorted/Second-degree/img289.jpg,1,Second-degree
/content/burn_data_sorted/First-degree/img737.jpg,0,First-degree
/content/burn_data_sorted/First-degree/img1316.jpg,0,First-degree
/content/burn_data_sorted/First-degree/img1308.jpg,0,First-degree
/content/burn_data_sorted/First-degree/img1074.jpg,0,First-degree
/content/burn_data_sorted/First-degree/img443.jpg,0,First-degree
/content/burn_data_sorted/First-degree/img4.jpg,0,First-degree
/content/burn_data_sorted/First-degree/img718.jpg,0,First-degree
/content/burn_data_sorted/First-degree/img19.jpg,0,First-degree
/content/burn_data_sorted/First-degree/img235.jpg,0,First-degree
/content/burn_data_sorted/Second-degree/img981.jpg,1,Second-degree
/content/burn_data_sorted/First-degree/img150.jpg,0,First-degree
/content/burn_data_sorted/First-degree/img142.jpg,0,First-degree
/content/burn_data_sorted/Third-degree/img170.jpg,2,Third-degree
/content/burn_data_sorted/First-degree/img428.jpg,0,First-degree
/content/burn_data_sorted/First-degree/img1133.jpg,0,First-degree
/content/burn_data_sorted/Second-degree/img211.jpg,1,Second-degree
/content/burn_data_sorted/Second-degree/img686.jpg,1,Second-degree
/content/burn_data_sorted/First-degree/img934.jpg,0,First-degree
/content/burn_data_sorted/Third-degree/img1179.jpg,2,Third-degree
/content/burn_data_sorted/Second-degree/img916.jpg,1,Second-degree
/content/burn_data_sorted/First-degree/img1378.jpg,0,First-degree
/content/burn_data_sorted/First-degree/img601.jpg,0,First-degree
/content/burn_data_sorted/Third-degree/img1068.jpg,2,Third-degree
/content/burn_data_sorted/Second-degree/img632.jpg,1,Second-degree
/content/burn_data_sorted/First-degree/img140.jpg,0,First-degree
/content/burn_data_sorted/Third-degree/img990.jpg,2,Third-degree
/content/burn_data_sorted/Second-degree/img1269.jpg,1,Second-degree
/content/burn_data_sorted/Second-degree/img1437.jpg,1,Second-degree
/content/burn_data_sorted/Second-degree/img1163.jpg,1,Second-degree
/content/burn_data_sorted/Third-degree/img404.jpg,2,Third-degree
/content/burn_data_sorted/First-degree/img362.jpg,0,First-degree
/content/burn_data_sorted/Second-degree/img1178.jpg,1,Second-degree
/content/burn_data_sorted/Third-degree/img31.jpg,2,Third-degree
/content/burn_data_sorted/First-degree/img1044.jpg,0,First-degree
/content/burn_data_sorted/Second-degree/img1244.jpg,1,Second-degree
/content/burn_data_sorted/First-degree/img106.jpg,0,First-degree
/content/burn_data_sorted/Second-degree/img700.jpg,1,Second-degree
/content/burn_data_sorted/Third-degree/img882.jpg,2,Third-degree
/content/burn_data_sorted/First-degree/img216.jpg,0,First-degree
/content/burn_data_sorted/First-degree/img208.jpg,0,First-degree
/content/burn_data_sorted/First-degree/img968.jpg,0,First-degree
/content/burn_data_sorted/First-degree/img703.jpg,0,First-degree
/content/burn_data_sorted/First-degree/img105.jpg,0,First-degree
/content/burn_data_sorted/First-degree/img183.jpg,0,First-degree
/content/burn_data_sorted/Third-degree/img453.jpg,2,Third-degree
/content/burn_data_sorted/Second-degree/img161.jpg,1,Second-degree
/content/burn_data_sorted/First-degree/img482.jpg,0,First-degree
/content/burn_data_sorted/First-degree/img539.jpg,0,First-degree
/content/burn_data_sorted/Second-degree/img851.jpg,1,Second-degree
/content/burn_data_sorted/Second-degree/img1147.jpg,1,Second-degree
/content/burn_data_sorted/First-degree/img1035.jpg,0,First-degree
/content/burn_data_sorted/First-degree/img879.jpg,0,First-degree
/content/burn_data_sorted/Second-degree/img920.jpg,1,Second-degree
/content/burn_data_sorted/Second-degree/img955.jpg,1,Second-degree
/content/burn_data_sorted/First-degree/img408.jpg,0,First-degree
/content/burn_data_sorted/Second-degree/img54.jpg,1,Second-degree
/content/burn_data_sorted/First-degree/img1167.jpg,0,First-degree
/content/burn_data_sorted/First-degree/img637.jpg,0,First-degree
/content/burn_data_sorted/Third-degree/img953.jpg,2,Third-degree
/content/burn_data_sorted/First-degree/img562.jpg,0,First-degree
/content/burn_data_sorted/Third-degree/img582.jpg,2,Third-degree
/content/burn_data_sorted/Second-degree/img290.jpg,1,Second-degree
/content/burn_data_sorted/Second-degree/img716.jpg,1,Second-degree
/content/burn_data_sorted/First-degree/img98.jpg,0,First-degree
/content/burn_data_sorted/Second-degree/img407.jpg,1,Second-degree
/content/burn_data_sorted/First-degree/img630.jpg,0,First-degree
/content/burn_data_sorted/Second-degree/img65.jpg,1,Second-degree
/content/burn_data_sorted/First-degree/img264.jpg,0,First-degree
/content/burn_data_sorted/First-degree/img419.jpg,0,First-degree
/content/burn_data_sorted/Second-degree/img1366.jpg,1,Second-degree
/content/burn_data_sorted/Third-degree/img375.jpg,2,Third-degree
/content/burn_data_sorted/Second-degree/img678.jpg,1,Second-degree
/content/burn_data_sorted/Second-degree/img658.jpg,1,Second-degree
/content/burn_data_sorted/Second-degree/img802.jpg,1,Second-degree
/content/burn_data_sorted/First-degree/img444.jpg,0,First-degree
/content/burn_data_sorted/First-degree/img256.jpg,0,First-degree
/content/burn_data_sorted/First-degree/img192.jpg,0,First-degree
/content/burn_data_sorted/First-degree/img750.jpg,0,First-degree
/content/burn_data_sorted/First-degree/img330.jpg,0,First-degree
/content/burn_data_sorted/First-degree/img341.jpg,0,First-degree
/content/burn_data_sorted/First-degree/img1159.jpg,0,First-degree
/content/burn_data_sorted/First-degree/img280.jpg,0,First-degree
/content/burn_data_sorted/First-degree/img653.jpg,0,First-degree
/content/burn_data_sorted/First-degree/img1405.jpg,0,First-degree
/content/burn_data_sorted/Second-degree/img159.jpg,1,Second-degree
/content/burn_data_sorted/Second-degree/img1213.jpg,1,Second-degree
/content/burn_data_sorted/Second-degree/img608.jpg,1,Second-degree
/content/burn_data_sorted/Second-degree/img1351.jpg,1,Second-degree
/content/burn_data_sorted/Third-degree/img1166.jpg,2,Third-degree
/content/burn_data_sorted/Second-degree/img378.jpg,1,Second-degree
/content/burn_data_sorted/Second-degree/img261.jpg,1,Second-degree
/content/burn_data_sorted/First-degree/img27.jpg,0,First-degree
/content/burn_data_sorted/First-degree/img180.jpg,0,First-degree
/content/burn_data_sorted/Second-degree/img318.jpg,1,Second-degree
/content/burn_data_sorted/Second-degree/img81.jpg,1,Second-degree
/content/burn_data_sorted/Second-degree/img476.jpg,1,Second-degree
/content/burn_data_sorted/Third-degree/img1140.jpg,2,Third-degree
/content/burn_data_sorted/Second-degree/img918.jpg,1,Second-degree
/content/burn_data_sorted/First-degree/img133.jpg,0,First-degree
/content/burn_data_sorted/First-degree/img185.jpg,0,First-degree
/content/burn_data_sorted/Second-degree/img165.jpg,1,Second-degree
/content/burn_data_sorted/First-degree/img316.jpg,0,First-degree
/content/burn_data_sorted/Second-degree/img1258.jpg,1,Second-degree
/content/burn_data_sorted/Second-degree/img1428.jpg,1,Second-degree
/content/burn_data_sorted/Second-degree/img426.jpg,1,Second-degree
/content/burn_data_sorted/Second-degree/img1387.jpg,1,Second-degree
/content/burn_data_sorted/Second-degree/img102.jpg,1,Second-degree
/content/burn_data_sorted/First-degree/img685.jpg,0,First-degree
/content/burn_data_sorted/Second-degree/img69.jpg,1,Second-degree
/content/burn_data_sorted/First-degree/img1312.jpg,0,First-degree
/content/burn_data_sorted/Third-degree/img167.jpg,2,Third-degree
/content/burn_data_sorted/Second-degree/img301.jpg,1,Second-degree
/content/burn_data_sorted/Second-degree/img1182.jpg,1,Second-degree
/content/burn_data_sorted/First-degree/img574.jpg,0,First-degree
/content/burn_data_sorted/Second-degree/img774.jpg,1,Second-degree
/content/burn_data_sorted/Third-degree/img795.jpg,2,Third-degree
/content/burn_data_sorted/First-degree/img392.jpg,0,First-degree
/content/burn_data_sorted/Second-degree/img528.jpg,1,Second-degree
/content/burn_data_sorted/Third-degree/img277.jpg,2,Third-degree
/content/burn_data_sorted/Third-degree/img242.jpg,2,Third-degree
/content/burn_data_sorted/Third-degree/img146.jpg,2,Third-degree
/content/burn_data_sorted/Third-degree/img765.jpg,2,Third-degree
/content/burn_data_sorted/First-degree/img547.jpg,0,First-degree
/content/burn_data_sorted/Third-degree/img822.jpg,2,Third-degree
/content/burn_data_sorted/First-degree/img903.jpg,0,First-degree
/content/burn_data_sorted/Second-degree/img773.jpg,1,Second-degree
/content/burn_data_sorted/Second-degree/img614.jpg,1,Second-degree
/content/burn_data_sorted/Third-degree/img798.jpg,2,Third-degree
/content/burn_data_sorted/First-degree/img919.jpg,0,First-degree
/content/burn_data_sorted/First-degree/img386.jpg,0,First-degree
/content/burn_data_sorted/Third-degree/img509.jpg,2,Third-degree
/content/burn_data_sorted/Third-degree/img319.jpg,2,Third-degree
/content/burn_data_sorted/First-degree/img1232.jpg,0,First-degree
/content/burn_data_sorted/First-degree/img342.jpg,0,First-degree
/content/burn_data_sorted/First-degree/img18.jpg,0,First-degree
/content/burn_data_sorted/Second-degree/img70.jpg,1,Second-degree
/content/burn_data_sorted/Second-degree/img8.jpg,1,Second-degree
/content/burn_data_sorted/Third-degree/img910.jpg,2,Third-degree
/content/burn_data_sorted/Third-degree/img356.jpg,2,Third-degree
/content/burn_data_sorted/First-degree/img1266.jpg,0,First-degree
/content/burn_data_sorted/Second-degree/img1119.jpg,1,Second-degree
/content/burn_data_sorted/First-degree/img90.jpg,0,First-degree
/content/burn_data_sorted/Second-degree/img1389.jpg,1,Second-degree
/content/burn_data_sorted/Third-degree/img47.jpg,2,Third-degree
/content/burn_data_sorted/Second-degree/img1137.jpg,1,Second-degree
/content/burn_data_sorted/First-degree/img868.jpg,0,First-degree
/content/burn_data_sorted/First-degree/img947.jpg,0,First-degree
/content/burn_data_sorted/Third-degree/img101.jpg,2,Third-degree
/content/burn_data_sorted/Third-degree/img1324.jpg,2,Third-degree
/content/burn_data_sorted/Third-degree/img613.jpg,2,Third-degree
/content/burn_data_sorted/Second-degree/img421.jpg,1,Second-degree
/content/burn_data_sorted/First-degree/img478.jpg,0,First-degree
/content/burn_data_sorted/Second-degree/img17.jpg,1,Second-degree
/content/burn_data_sorted/Second-degree/img577.jpg,1,Second-degree
/content/burn_data_sorted/Second-degree/img764.jpg,1,Second-degree
/content/burn_data_sorted/First-degree/img1419.jpg,0,First-degree
/content/burn_data_sorted/Second-degree/img886.jpg,1,Second-degree
/content/burn_data_sorted/First-degree/img775.jpg,0,First-degree
/content/burn_data_sorted/Third-degree/img252.jpg,2,Third-degree
/content/burn_data_sorted/First-degree/img885.jpg,0,First-degree
/content/burn_data_sorted/First-degree/img425.jpg,0,First-degree
/content/burn_data_sorted/First-degree/img1001.jpg,0,First-degree
/content/burn_data_sorted/Second-degree/img942.jpg,1,Second-degree
/content/burn_data_sorted/Third-degree/img538.jpg,2,Third-degree
/content/burn_data_sorted/Third-degree/img1067.jpg,2,Third-degree
/content/burn_data_sorted/Third-degree/img108.jpg,2,Third-degree
/content/burn_data_sorted/Second-degree/img1125.jpg,1,Second-degree
/content/burn_data_sorted/First-degree/img48.jpg,0,First-degree
/content/burn_data_sorted/First-degree/img908.jpg,0,First-degree
/content/burn_data_sorted/Third-degree/img1100.jpg,2,Third-degree
/content/burn_data_sorted/Second-degree/img387.jpg,1,Second-degree
/content/burn_data_sorted/Second-degree/img1225.jpg,1,Second-degree
/content/burn_data_sorted/First-degree/img224.jpg,0,First-degree
/content/burn_data_sorted/First-degree/img144.jpg,0,First-degree
/content/burn_data_sorted/Third-degree/img1278.jpg,2,Third-degree
/content/burn_data_sorted/Second-degree/img1032.jpg,1,Second-degree
/content/burn_data_sorted/First-degree/img464.jpg,0,First-degree
/content/burn_data_sorted/Third-degree/img11.jpg,2,Third-degree
/content/burn_data_sorted/Second-degree/img1065.jpg,1,Second-degree
/content/burn_data_sorted/Third-degree/img1376.jpg,2,Third-degree
/content/burn_data_sorted/Second-degree/img1026.jpg,1,Second-degree
/content/burn_data_sorted/Second-degree/img313.jpg,1,Second-degree
/content/burn_data_sorted/First-degree/img1396.jpg,0,First-degree
/content/burn_data_sorted/First-degree/img1149.jpg,0,First-degree
/content/burn_data_sorted/First-degree/img73.jpg,0,First-degree
/content/burn_data_sorted/Third-degree/img200.jpg,2,Third-degree
/content/burn_data_sorted/Third-degree/img406.jpg,2,Third-degree
/content/burn_data_sorted/Third-degree/img710.jpg,2,Third-degree
/content/burn_data_sorted/First-degree/img415.jpg,0,First-degree
/content/burn_data_sorted/Second-degree/img1290.jpg,1,Second-degree
/content/burn_data_sorted/Second-degree/img1350.jpg,1,Second-degree
/content/burn_data_sorted/First-degree/img68.jpg,0,First-degree
/content/burn_data_sorted/First-degree/img439.jpg,0,First-degree
/content/burn_data_sorted/First-degree/img1423.jpg,0,First-degree
/content/burn_data_sorted/First-degree/img1297.jpg,0,First-degree
/content/burn_data_sorted/First-degree/img207.jpg,0,First-degree
/content/burn_data_sorted/Second-degree/img326.jpg,1,Second-degree
/content/burn_data_sorted/First-degree/img119.jpg,0,First-degree
/content/burn_data_sorted/Second-degree/img1435.jpg,1,Second-degree
/content/burn_data_sorted/Second-degree/img400.jpg,1,Second-degree
/content/burn_data_sorted/First-degree/img373.jpg,0,First-degree
/content/burn_data_sorted/Third-degree/img190.jpg,2,Third-degree
/content/burn_data_sorted/Third-degree/img1408.jpg,2,Third-degree
/content/burn_data_sorted/Third-degree/img225.jpg,2,Third-degree
/content/burn_data_sorted/First-degree/img791.jpg,0,First-degree
/content/burn_data_sorted/Second-degree/img1375.jpg,1,Second-degree
/content/burn_data_sorted/Third-degree/img145.jpg,2,Third-degree
/content/burn_data_sorted/Second-degree/img263.jpg,1,Second-degree
/content/burn_data_sorted/Second-degree/img1364.jpg,1,Second-degree
/content/burn_data_sorted/Third-degree/img1433.jpg,2,Third-degree
/content/burn_data_sorted/Second-degree/img360.jpg,1,Second-degree
/content/burn_data_sorted/Second-degree/img809.jpg,1,Second-degree
/content/burn_data_sorted/Second-degree/img236.jpg,1,Second-degree
/content/burn_data_sorted/Second-degree/img113.jpg,1,Second-degree
/content/burn_data_sorted/First-degree/img628.jpg,0,First-degree
/content/burn_data_sorted/First-degree/img1175.jpg,0,First-degree
/content/burn_data_sorted/First-degree/img892.jpg,0,First-degree
/content/burn_data_sorted/Third-degree/img1358.jpg,2,Third-degree
/content/burn_data_sorted/Second-degree/img739.jpg,1,Second-degree
/content/burn_data_sorted/First-degree/img228.jpg,0,First-degree
/content/burn_data_sorted/Third-degree/img173.jpg,2,Third-degree
/content/burn_data_sorted/Second-degree/img830.jpg,1,Second-degree
/content/burn_data_sorted/First-degree/img557.jpg,0,First-degree
/content/burn_data_sorted/Second-degree/img189.jpg,1,Second-degree
/content/burn_data_sorted/Third-degree/img287.jpg,2,Third-degree
/content/burn_data_sorted/First-degree/img366.jpg,0,First-degree
/content/burn_data_sorted/Third-degree/img629.jpg,2,Third-degree
/content/burn_data_sorted/Second-degree/img379.jpg,1,Second-degree
/content/burn_data_sorted/Second-degree/img139.jpg,1,Second-degree
/content/burn_data_sorted/Second-degree/img606.jpg,1,Second-degree
/content/burn_data_sorted/First-degree/img859.jpg,0,First-degree
/content/burn_data_sorted/Third-degree/img99.jpg,2,Third-degree
/content/burn_data_sorted/First-degree/img572.jpg,0,First-degree
/content/burn_data_sorted/First-degree/img1120.jpg,0,First-degree
/content/burn_data_sorted/Second-degree/img115.jpg,1,Second-degree
/content/burn_data_sorted/First-degree/img592.jpg,0,First-degree
/content/burn_data_sorted/First-degree/img515.jpg,0,First-degree
/content/burn_data_sorted/Second-degree/img1134.jpg,1,Second-degree
/content/burn_data_sorted/Second-degree/img1284.jpg,1,Second-degree
/content/burn_data_sorted/First-degree/img520.jpg,0,First-degree
/content/burn_data_sorted/First-degree/img510.jpg,0,First-degree
/content/burn_data_sorted/First-degree/img418.jpg,0,First-degree
/content/burn_data_sorted/Second-degree/img484.jpg,1,Second-degree
/content/burn_data_sorted/Second-degree/img166.jpg,1,Second-degree
/content/burn_data_sorted/First-degree/img1382.jpg,0,First-degree
/content/burn_data_sorted/Third-degree/img636.jpg,2,Third-degree
/content/burn_data_sorted/First-degree/img1434.jpg,0,First-degree
/content/burn_data_sorted/Second-degree/img334.jpg,1,Second-degree
/content/burn_data_sorted/First-degree/img76.jpg,0,First-degree
/content/burn_data_sorted/Second-degree/img1152.jpg,1,Second-degree
/content/burn_data_sorted/First-degree/img420.jpg,0,First-degree
/content/burn_data_sorted/Third-degree/img445.jpg,2,Third-degree
/content/burn_data_sorted/Third-degree/img1169.jpg,2,Third-degree
/content/burn_data_sorted/Second-degree/img1385.jpg,1,Second-degree
/content/burn_data_sorted/First-degree/img412.jpg,0,First-degree
/content/burn_data_sorted/First-degree/img506.jpg,0,First-degree
/content/burn_data_sorted/Second-degree/img852.jpg,1,Second-degree
/content/burn_data_sorted/Second-degree/img1400.jpg,1,Second-degree
/content/burn_data_sorted/First-degree/img663.jpg,0,First-degree
/content/burn_data_sorted/Second-degree/img265.jpg,1,Second-degree
/content/burn_data_sorted/First-degree/img156.jpg,0,First-degree
/content/burn_data_sorted/First-degree/img831.jpg,0,First-degree
/content/burn_data_sorted/First-degree/img810.jpg,0,First-degree
/content/burn_data_sorted/First-degree/img272.jpg,0,First-degree
/content/burn_data_sorted/Second-degree/img335.jpg,1,Second-degree
/content/burn_data_sorted/First-degree/img230.jpg,0,First-degree
/content/burn_data_sorted/Second-degree/img1286.jpg,1,Second-degree
/content/burn_data_sorted/Second-degree/img36.jpg,1,Second-degree
/content/burn_data_sorted/Third-degree/img815.jpg,2,Third-degree
/content/burn_data_sorted/Second-degree/img820.jpg,1,Second-degree
/content/burn_data_sorted/First-degree/img563.jpg,0,First-degree
/content/burn_data_sorted/Third-degree/img1362.jpg,2,Third-degree
/content/burn_data_sorted/Second-degree/img175.jpg,1,Second-degree
/content/burn_data_sorted/Third-degree/img138.jpg,2,Third-degree
/content/burn_data_sorted/Second-degree/img936.jpg,1,Second-degree
/content/burn_data_sorted/First-degree/img778.jpg,0,First-degree
/content/burn_data_sorted/Third-degree/img1210.jpg,2,Third-degree
/content/burn_data_sorted/Second-degree/img490.jpg,1,Second-degree
/content/burn_data_sorted/First-degree/img147.jpg,0,First-degree
/content/burn_data_sorted/Second-degree/img1151.jpg,1,Second-degree
/content/burn_data_sorted/First-degree/img985.jpg,0,First-degree
/content/burn_data_sorted/Second-degree/img2.jpg,1,Second-degree
/content/burn_data_sorted/First-degree/img368.jpg,0,First-degree
/content/burn_data_sorted/Second-degree/img819.jpg,1,Second-degree
/content/burn_data_sorted/First-degree/img1056.jpg,0,First-degree
/content/burn_data_sorted/Second-degree/img930.jpg,1,Second-degree
/content/burn_data_sorted/First-degree/img1117.jpg,0,First-degree
/content/burn_data_sorted/First-degree/img696.jpg,0,First-degree
/content/burn_data_sorted/First-degree/img786.jpg,0,First-degree
/content/burn_data_sorted/Second-degree/img432.jpg,1,Second-degree
/content/burn_data_sorted/Third-degree/img251.jpg,2,Third-degree
/content/burn_data_sorted/Second-degree/img241.jpg,1,Second-degree
/content/burn_data_sorted/Second-degree/img431.jpg,1,Second-degree
/content/burn_data_sorted/First-degree/img622.jpg,0,First-degree
/content/burn_data_sorted/First-degree/img639.jpg,0,First-degree
/content/burn_data_sorted/Second-degree/img154.jpg,1,Second-degree
/content/burn_data_sorted/First-degree/img730.jpg,0,First-degree
/content/burn_data_sorted/Second-degree/img451.jpg,1,Second-degree
/content/burn_data_sorted/First-degree/img28.jpg,0,First-degree
/content/burn_data_sorted/Second-degree/img327.jpg,1,Second-degree
/content/burn_data_sorted/Third-degree/img1129.jpg,2,Third-degree
/content/burn_data_sorted/Second-degree/img1222.jpg,1,Second-degree
/content/burn_data_sorted/Second-degree/img446.jpg,1,Second-degree
/content/burn_data_sorted/Second-degree/img1322.jpg,1,Second-degree
/content/burn_data_sorted/Third-degree/img1211.jpg,2,Third-degree
/content/burn_data_sorted/Third-degree/img960.jpg,2,Third-degree
/content/burn_data_sorted/First-degree/img1051.jpg,0,First-degree
/content/burn_data_sorted/First-degree/img570.jpg,0,First-degree
/content/burn_data_sorted/First-degree/img687.jpg,0,First-degree
/content/burn_data_sorted/First-degree/img1176.jpg,0,First-degree
/content/burn_data_sorted/First-degree/img33.jpg,0,First-degree
/content/burn_data_sorted/Second-degree/img50.jpg,1,Second-degree
/content/burn_data_sorted/Second-degree/img315.jpg,1,Second-degree
/content/burn_data_sorted/Third-degree/img86.jpg,2,Third-degree
/content/burn_data_sorted/Third-degree/img973.jpg,2,Third-degree
/content/burn_data_sorted/First-degree/img160.jpg,0,First-degree
/content/burn_data_sorted/First-degree/img1173.jpg,0,First-degree
/content/burn_data_sorted/First-degree/img590.jpg,0,First-degree
/content/burn_data_sorted/Second-degree/img862.jpg,1,Second-degree
/content/burn_data_sorted/Second-degree/img543.jpg,1,Second-degree
/content/burn_data_sorted/First-degree/img568.jpg,0,First-degree
/content/burn_data_sorted/Second-degree/img524.jpg,1,Second-degree
/content/burn_data_sorted/Second-degree/img1305.jpg,1,Second-degree
/content/burn_data_sorted/Second-degree/img1111.jpg,1,Second-degree
/content/burn_data_sorted/Second-degree/img227.jpg,1,Second-degree
/content/burn_data_sorted/Third-degree/img500.jpg,2,Third-degree
/content/burn_data_sorted/Second-degree/img285.jpg,1,Second-degree
/content/burn_data_sorted/Second-degree/img1231.jpg,1,Second-degree
/content/burn_data_sorted/Second-degree/img35.jpg,1,Second-degree
/content/burn_data_sorted/Third-degree/img593.jpg,2,Third-degree
/content/burn_data_sorted/Second-degree/img988.jpg,1,Second-degree
/content/burn_data_sorted/Second-degree/img174.jpg,1,Second-degree
/content/burn_data_sorted/Second-degree/img1373.jpg,1,Second-degree
/content/burn_data_sorted/Third-degree/img126.jpg,2,Third-degree
/content/burn_data_sorted/Second-degree/img1145.jpg,1,Second-degree
/content/burn_data_sorted/First-degree/img729.jpg,0,First-degree
/content/burn_data_sorted/First-degree/img354.jpg,0,First-degree
/content/burn_data_sorted/Second-degree/img135.jpg,1,Second-degree
/content/burn_data_sorted/First-degree/img429.jpg,0,First-degree
/content/burn_data_sorted/Second-degree/img999.jpg,1,Second-degree
/content/burn_data_sorted/First-degree/img234.jpg,0,First-degree
/content/burn_data_sorted/First-degree/img493.jpg,0,First-degree
/content/burn_data_sorted/First-degree/img611.jpg,0,First-degree
/content/burn_data_sorted/Second-degree/img218.jpg,1,Second-degree
/content/burn_data_sorted/Second-degree/img1196.jpg,1,Second-degree
/content/burn_data_sorted/Second-degree/img715.jpg,1,Second-degree
/content/burn_data_sorted/Second-degree/img1205.jpg,1,Second-degree
/content/burn_data_sorted/First-degree/img424.jpg,0,First-degree
/content/burn_data_sorted/Second-degree/img883.jpg,1,Second-degree
/content/burn_data_sorted/Second-degree/img825.jpg,1,Second-degree
/content/burn_data_sorted/First-degree/img602.jpg,0,First-degree
/content/burn_data_sorted/First-degree/img1045.jpg,0,First-degree
/content/burn_data_sorted/First-degree/img1009.jpg,0,First-degree
/content/burn_data_sorted/First-degree/img666.jpg,0,First-degree
/content/burn_data_sorted/Second-degree/img403.jpg,1,Second-degree
/content/burn_data_sorted/Second-degree/img1236.jpg,1,Second-degree
/content/burn_data_sorted/Third-degree/img792.jpg,2,Third-degree
/content/burn_data_sorted/First-degree/img556.jpg,0,First-degree
/content/burn_data_sorted/Second-degree/img1342.jpg,1,Second-degree
/content/burn_data_sorted/First-degree/img303.jpg,0,First-degree
/content/burn_data_sorted/Third-degree/img244.jpg,2,Third-degree
/content/burn_data_sorted/First-degree/img198.jpg,0,First-degree
/content/burn_data_sorted/First-degree/img781.jpg,0,First-degree
/content/burn_data_sorted/First-degree/img1193.jpg,0,First-degree
/content/burn_data_sorted/Second-degree/img281.jpg,1,Second-degree
/content/burn_data_sorted/First-degree/img720.jpg,0,First-degree
/content/burn_data_sorted/First-degree/img702.jpg,0,First-degree
/content/burn_data_sorted/Second-degree/img1060.jpg,1,Second-degree
/content/burn_data_sorted/Second-degree/img714.jpg,1,Second-degree
/content/burn_data_sorted/First-degree/img1395.jpg,0,First-degree
/content/burn_data_sorted/Second-degree/img436.jpg,1,Second-degree
/content/burn_data_sorted/Third-degree/img459.jpg,2,Third-degree
/content/burn_data_sorted/First-degree/img605.jpg,0,First-degree
/content/burn_data_sorted/First-degree/img43.jpg,0,First-degree
/content/burn_data_sorted/Third-degree/img530.jpg,2,Third-degree
/content/burn_data_sorted/First-degree/img80.jpg,0,First-degree
/content/burn_data_sorted/First-degree/img273.jpg,0,First-degree
/content/burn_data_sorted/First-degree/img447.jpg,0,First-degree
/content/burn_data_sorted/First-degree/img1101.jpg,0,First-degree
/content/burn_data_sorted/First-degree/img158.jpg,0,First-degree
/content/burn_data_sorted/Third-degree/img388.jpg,2,Third-degree
/content/burn_data_sorted/Third-degree/img51.jpg,2,Third-degree
/content/burn_data_sorted/Second-degree/img75.jpg,1,Second-degree
/content/burn_data_sorted/First-degree/img279.jpg,0,First-degree
/content/burn_data_sorted/Second-degree/img1359.jpg,1,Second-degree
/content/burn_data_sorted/Second-degree/img794.jpg,1,Second-degree
/content/burn_data_sorted/Second-degree/img376.jpg,1,Second-degree
/content/burn_data_sorted/Second-degree/img187.jpg,1,Second-degree
/content/burn_data_sorted/First-degree/img53.jpg,0,First-degree
/content/burn_data_sorted/Second-degree/img423.jpg,1,Second-degree
/content/burn_data_sorted/Second-degree/img472.jpg,1,Second-degree
/content/burn_data_sorted/First-degree/img1028.jpg,0,First-degree
/content/burn_data_sorted/Second-degree/img259.jpg,1,Second-degree
/content/burn_data_sorted/First-degree/img358.jpg,0,First-degree
/content/burn_data_sorted/First-degree/img469.jpg,0,First-degree
/content/burn_data_sorted/Third-degree/img117.jpg,2,Third-degree
/content/burn_data_sorted/Second-degree/img247.jpg,1,Second-degree
/content/burn_data_sorted/First-degree/img818.jpg,0,First-degree
/content/burn_data_sorted/First-degree/img409.jpg,0,First-degree
/content/burn_data_sorted/First-degree/img288.jpg,0,First-degree
/content/burn_data_sorted/First-degree/img772.jpg,0,First-degree
/content/burn_data_sorted/First-degree/img397.jpg,0,First-degree
/content/burn_data_sorted/First-degree/img1091.jpg,0,First-degree
/content/burn_data_sorted/Second-degree/img609.jpg,1,Second-degree
/content/burn_data_sorted/First-degree/img171.jpg,0,First-degree
/content/burn_data_sorted/First-degree/img503.jpg,0,First-degree
/content/burn_data_sorted/First-degree/img575.jpg,0,First-degree
/content/burn_data_sorted/Third-degree/img320.jpg,2,Third-degree
/content/burn_data_sorted/First-degree/img134.jpg,0,First-degree
/content/burn_data_sorted/First-degree/img650.jpg,0,First-degree
/content/burn_data_sorted/Third-degree/img79.jpg,2,Third-degree
/content/burn_data_sorted/First-degree/img931.jpg,0,First-degree
/content/burn_data_sorted/Second-degree/img1413.jpg,1,Second-degree
/content/burn_data_sorted/First-degree/img501.jpg,0,First-degree
/content/burn_data_sorted/First-degree/img201.jpg,0,First-degree
/content/burn_data_sorted/First-degree/img598.jpg,0,First-degree
/content/burn_data_sorted/First-degree/img1368.jpg,0,First-degree
/content/burn_data_sorted/First-degree/img1345.jpg,0,First-degree
/content/burn_data_sorted/Second-degree/img846.jpg,1,Second-degree
/content/burn_data_sorted/Second-degree/img323.jpg,1,Second-degree
/content/burn_data_sorted/Second-degree/img998.jpg,1,Second-degree
/content/burn_data_sorted/First-degree/img911.jpg,0,First-degree
/content/burn_data_sorted/Second-degree/img502.jpg,1,Second-degree
/content/burn_data_sorted/Second-degree/img363.jpg,1,Second-degree
/content/burn_data_sorted/Second-degree/img203.jpg,1,Second-degree
/content/burn_data_sorted/Second-degree/img250.jpg,1,Second-degree
/content/burn_data_sorted/First-degree/img522.jpg,0,First-degree
/content/burn_data_sorted/First-degree/img85.jpg,0,First-degree
/content/burn_data_sorted/Second-degree/img669.jpg,1,Second-degree
/content/burn_data_sorted/First-degree/img682.jpg,0,First-degree
/content/burn_data_sorted/Second-degree/img909.jpg,1,Second-degree
/content/burn_data_sorted/First-degree/img179.jpg,0,First-degree
/content/burn_data_sorted/Second-degree/img878.jpg,1,Second-degree
/content/burn_data_sorted/Second-degree/img843.jpg,1,Second-degree
/content/burn_data_sorted/Second-degree/img1227.jpg,1,Second-degree
/content/burn_data_sorted/Third-degree/img635.jpg,2,Third-degree
/content/burn_data_sorted/First-degree/img422.jpg,0,First-degree
/content/burn_data_sorted/Third-degree/img143.jpg,2,Third-degree
/content/burn_data_sorted/Third-degree/img945.jpg,2,Third-degree
/content/burn_data_sorted/Third-degree/img1123.jpg,2,Third-degree
/content/burn_data_sorted/First-degree/img369.jpg,0,First-degree
/content/burn_data_sorted/First-degree/img38.jpg,0,First-degree
/content/burn_data_sorted/Second-degree/img888.jpg,1,Second-degree
/content/burn_data_sorted/First-degree/img1429.jpg,0,First-degree
/content/burn_data_sorted/Third-degree/img1292.jpg,2,Third-degree
/content/burn_data_sorted/Second-degree/img890.jpg,1,Second-degree
/content/burn_data_sorted/Second-degree/img855.jpg,1,Second-degree
/content/burn_data_sorted/First-degree/img45.jpg,0,First-degree
/content/burn_data_sorted/First-degree/img486.jpg,0,First-degree
/content/burn_data_sorted/First-degree/img675.jpg,0,First-degree
/content/burn_data_sorted/First-degree/img391.jpg,0,First-degree
/content/burn_data_sorted/Second-degree/img1110.jpg,1,Second-degree
/content/burn_data_sorted/First-degree/img168.jpg,0,First-degree
/content/burn_data_sorted/First-degree/img114.jpg,0,First-degree
/content/burn_data_sorted/Second-degree/img709.jpg,1,Second-degree
/content/burn_data_sorted/Second-degree/img545.jpg,1,Second-degree
/content/burn_data_sorted/Second-degree/img162.jpg,1,Second-degree
/content/burn_data_sorted/First-degree/img841.jpg,0,First-degree
/content/burn_data_sorted/First-degree/img246.jpg,0,First-degree
/content/burn_data_sorted/First-degree/img394.jpg,0,First-degree
/content/burn_data_sorted/Second-degree/img427.jpg,1,Second-degree
/content/burn_data_sorted/Third-degree/img1090.jpg,2,Third-degree
/content/burn_data_sorted/Second-degree/img865.jpg,1,Second-degree
/content/burn_data_sorted/First-degree/img991.jpg,0,First-degree
/content/burn_data_sorted/First-degree/img514.jpg,0,First-degree
/content/burn_data_sorted/Second-degree/img370.jpg,1,Second-degree
/content/burn_data_sorted/Second-degree/img457.jpg,1,Second-degree
/content/burn_data_sorted/Second-degree/img657.jpg,1,Second-degree
/content/burn_data_sorted/Third-degree/img233.jpg,2,Third-degree
/content/burn_data_sorted/Second-degree/img433.jpg,1,Second-degree
/content/burn_data_sorted/Second-degree/img435.jpg,1,Second-degree
/content/burn_data_sorted/Second-degree/img1301.jpg,1,Second-degree
/content/burn_data_sorted/Third-degree/img507.jpg,2,Third-degree
/content/burn_data_sorted/Second-degree/img591.jpg,1,Second-degree
/content/burn_data_sorted/First-degree/img340.jpg,0,First-degree
/content/burn_data_sorted/First-degree/img1238.jpg,0,First-degree
/content/burn_data_sorted/First-degree/img519.jpg,0,First-degree
/content/burn_data_sorted/First-degree/img647.jpg,0,First-degree
/content/burn_data_sorted/Third-degree/img833.jpg,2,Third-degree
/content/burn_data_sorted/First-degree/img1267.jpg,0,First-degree
/content/burn_data_sorted/Second-degree/img1126.jpg,1,Second-degree
/content/burn_data_sorted/Third-degree/img724.jpg,2,Third-degree
/content/burn_data_sorted/Second-degree/img1097.jpg,1,Second-degree
/content/burn_data_sorted/First-degree/img975.jpg,0,First-degree
/content/burn_data_sorted/First-degree/img1314.jpg,0,First-degree
/content/burn_data_sorted/Second-degree/img649.jpg,1,Second-degree
/content/burn_data_sorted/First-degree/img1246.jpg,0,First-degree
/content/burn_data_sorted/First-degree/img597.jpg,0,First-degree
/content/burn_data_sorted/Second-degree/img1401.jpg,1,Second-degree
/content/burn_data_sorted/Third-degree/img219.jpg,2,Third-degree
/content/burn_data_sorted/First-degree/img1058.jpg,0,First-degree
/content/burn_data_sorted/First-degree/img1209.jpg,0,First-degree
/content/burn_data_sorted/First-degree/img450.jpg,0,First-degree
/content/burn_data_sorted/Second-degree/img1161.jpg,1,Second-degree
/content/burn_data_sorted/First-degree/img1214.jpg,0,First-degree
/content/burn_data_sorted/Second-degree/img1261.jpg,1,Second-degree
/content/burn_data_sorted/Second-degree/img495.jpg,1,Second-degree
/content/burn_data_sorted/First-degree/img10.jpg,0,First-degree
/content/burn_data_sorted/First-degree/img470.jpg,0,First-degree
/content/burn_data_sorted/First-degree/img491.jpg,0,First-degree
/content/burn_data_sorted/Second-degree/img900.jpg,1,Second-degree
/content/burn_data_sorted/Second-degree/img583.jpg,1,Second-degree
/content/burn_data_sorted/Second-degree/img1257.jpg,1,Second-degree
/content/burn_data_sorted/First-degree/img1221.jpg,0,First-degree
/content/burn_data_sorted/Second-degree/img60.jpg,1,Second-degree
/content/burn_data_sorted/First-degree/img1338.jpg,0,First-degree
/content/burn_data_sorted/Third-degree/img92.jpg,2,Third-degree
/content/burn_data_sorted/Second-degree/img40.jpg,1,Second-degree
/content/burn_data_sorted/Second-degree/img1075.jpg,1,Second-degree
/content/burn_data_sorted/Second-degree/img749.jpg,1,Second-degree
/content/burn_data_sorted/First-degree/img463.jpg,0,First-degree
/content/burn_data_sorted/Third-degree/img385.jpg,2,Third-degree
/content/burn_data_sorted/First-degree/img571.jpg,0,First-degree
/content/burn_data_sorted/First-degree/img1115.jpg,0,First-degree
/content/burn_data_sorted/First-degree/img579.jpg,0,First-degree
/content/burn_data_sorted/First-degree/img595.jpg,0,First-degree
/content/burn_data_sorted/First-degree/img693.jpg,0,First-degree
/content/burn_data_sorted/Second-degree/img638.jpg,1,Second-degree
/content/burn_data_sorted/Second-degree/img137.jpg,1,Second-degree
/content/burn_data_sorted/First-degree/img276.jpg,0,First-degree
/content/burn_data_sorted/Second-degree/img558.jpg,1,Second-degree
/content/burn_data_sorted/First-degree/img922.jpg,0,First-degree
/content/burn_data_sorted/First-degree/img1421.jpg,0,First-degree
/content/burn_data_sorted/First-degree/img904.jpg,0,First-degree
/content/burn_data_sorted/First-degree/img1384.jpg,0,First-degree
/content/burn_data_sorted/Second-degree/img112.jpg,1,Second-degree
/content/burn_data_sorted/Second-degree/img1394.jpg,1,Second-degree
/content/burn_data_sorted/Second-degree/img1402.jpg,1,Second-degree
/content/burn_data_sorted/First-degree/img1439.jpg,0,First-degree
/content/burn_data_sorted/Third-degree/img537.jpg,2,Third-degree
/content/burn_data_sorted/Second-degree/img1259.jpg,1,Second-degree
/content/burn_data_sorted/Second-degree/img59.jpg,1,Second-degree
/content/burn_data_sorted/First-degree/img1249.jpg,0,First-degree
/content/burn_data_sorted/First-degree/img462.jpg,0,First-degree
/content/burn_data_sorted/Second-degree/img1215.jpg,1,Second-degree
/content/burn_data_sorted/First-degree/img496.jpg,0,First-degree
/content/burn_data_sorted/First-degree/img1288.jpg,0,First-degree
/content/burn_data_sorted/Second-degree/img829.jpg,1,Second-degree
/content/burn_data_sorted/Second-degree/img398.jpg,1,Second-degree
/content/burn_data_sorted/First-degree/img727.jpg,0,First-degree
/content/burn_data_sorted/First-degree/img554.jpg,0,First-degree
/content/burn_data_sorted/Second-degree/img1141.jpg,1,Second-degree
/content/burn_data_sorted/Third-degree/img221.jpg,2,Third-degree
/content/burn_data_sorted/Second-degree/img777.jpg,1,Second-degree
/content/burn_data_sorted/First-degree/img39.jpg,0,First-degree
/content/burn_data_sorted/First-degree/img25.jpg,0,First-degree
/content/burn_data_sorted/Third-degree/img34.jpg,2,Third-degree
/content/burn_data_sorted/Second-degree/img1240.jpg,1,Second-degree
/content/burn_data_sorted/Third-degree/img181.jpg,2,Third-degree
/content/burn_data_sorted/Second-degree/img1414.jpg,1,Second-degree
/content/burn_data_sorted/Second-degree/img952.jpg,1,Second-degree
/content/burn_data_sorted/First-degree/img889.jpg,0,First-degree
/content/burn_data_sorted/First-degree/img372.jpg,0,First-degree
/content/burn_data_sorted/First-degree/img531.jpg,0,First-degree
/content/burn_data_sorted/First-degree/img1371.jpg,0,First-degree
/content/burn_data_sorted/Second-degree/img186.jpg,1,Second-degree
/content/burn_data_sorted/First-degree/img44.jpg,0,First-degree
/content/burn_data_sorted/Third-degree/img771.jpg,2,Third-degree
/content/burn_data_sorted/First-degree/img1398.jpg,0,First-degree
/content/burn_data_sorted/First-degree/img1317.jpg,0,First-degree
/content/burn_data_sorted/First-degree/img712.jpg,0,First-degree
/content/burn_data_sorted/Second-degree/img467.jpg,1,Second-degree
/content/burn_data_sorted/First-degree/img302.jpg,0,First-degree
/content/burn_data_sorted/Second-degree/img199.jpg,1,Second-degree
/content/burn_data_sorted/First-degree/img661.jpg,0,First-degree
/content/burn_data_sorted/First-degree/img660.jpg,0,First-degree
/content/burn_data_sorted/First-degree/img309.jpg,0,First-degree
/content/burn_data_sorted/Third-degree/img884.jpg,2,Third-degree
/content/burn_data_sorted/First-degree/img269.jpg,0,First-degree
/content/burn_data_sorted/Second-degree/img1239.jpg,1,Second-degree
/content/burn_data_sorted/Third-degree/img873.jpg,2,Third-degree
/content/burn_data_sorted/Second-degree/img71.jpg,1,Second-degree
/content/burn_data_sorted/Second-degree/img1347.jpg,1,Second-degree
/content/burn_data_sorted/First-degree/img194.jpg,0,First-degree
/content/burn_data_sorted/Second-degree/img1298.jpg,1,Second-degree
/content/burn_data_sorted/Third-degree/img967.jpg,2,Third-degree
/content/burn_data_sorted/Second-degree/img1219.jpg,1,Second-degree
/content/burn_data_sorted/First-degree/img1010.jpg,0,First-degree
/content/burn_data_sorted/Second-degree/img416.jpg,1,Second-degree
/content/burn_data_sorted/Second-degree/img7.jpg,1,Second-degree
/content/burn_data_sorted/First-degree/img1250.jpg,0,First-degree
/content/burn_data_sorted/First-degree/img359.jpg,0,First-degree
/content/burn_data_sorted/First-degree/img631.jpg,0,First-degree
/content/burn_data_sorted/First-degree/img317.jpg,0,First-degree
/content/burn_data_sorted/Third-degree/img124.jpg,2,Third-degree
/content/burn_data_sorted/First-degree/img585.jpg,0,First-degree
/content/burn_data_sorted/Second-degree/img1431.jpg,1,Second-degree
/content/burn_data_sorted/First-degree/img177.jpg,0,First-degree
/content/burn_data_sorted/Second-degree/img26.jpg,1,Second-degree
/content/burn_data_sorted/Second-degree/img688.jpg,1,Second-degree
/content/burn_data_sorted/First-degree/img581.jpg,0,First-degree
/content/burn_data_sorted/Second-degree/img270.jpg,1,Second-degree
/content/burn_data_sorted/Third-degree/img1323.jpg,2,Third-degree
/content/burn_data_sorted/Third-degree/img305.jpg,2,Third-degree
/content/burn_data_sorted/Second-degree/img679.jpg,1,Second-degree
/content/burn_data_sorted/Second-degree/img847.jpg,1,Second-degree
/content/burn_data_sorted/First-degree/img599.jpg,0,First-degree
/content/burn_data_sorted/Second-degree/img854.jpg,1,Second-degree
/content/burn_data_sorted/First-degree/img674.jpg,0,First-degree
/content/burn_data_sorted/First-degree/img488.jpg,0,First-degree
/content/burn_data_sorted/Second-degree/img914.jpg,1,Second-degree
/content/burn_data_sorted/Third-degree/img215.jpg,2,Third-degree
/content/burn_data_sorted/Second-degree/img107.jpg,1,Second-degree
/content/burn_data_sorted/Second-degree/img1131.jpg,1,Second-degree
/content/burn_data_sorted/Second-degree/img692.jpg,1,Second-degree
/content/burn_data_sorted/Second-degree/img1391.jpg,1,Second-degree
/content/burn_data_sorted/Second-degree/img148.jpg,1,Second-degree
/content/burn_data_sorted/First-degree/img512.jpg,0,First-degree
/content/burn_data_sorted/First-degree/img393.jpg,0,First-degree
/content/burn_data_sorted/Second-degree/img770.jpg,1,Second-degree
/content/burn_data_sorted/Third-degree/img1070.jpg,2,Third-degree
/content/burn_data_sorted/First-degree/img1076.jpg,0,First-degree
/content/burn_data_sorted/First-degree/img1064.jpg,0,First-degree
/content/burn_data_sorted/Second-degree/img745.jpg,1,Second-degree
/content/burn_data_sorted/First-degree/img23.jpg,0,First-degree
/content/burn_data_sorted/Second-degree/img136.jpg,1,Second-degree
/content/burn_data_sorted/First-degree/img808.jpg,0,First-degree
/content/burn_data_sorted/First-degree/img456.jpg,0,First-degree
/content/burn_data_sorted/First-degree/img588.jpg,0,First-degree
/content/burn_data_sorted/Second-degree/img1187.jpg,1,Second-degree
/content/burn_data_sorted/Second-degree/img856.jpg,1,Second-degree
/content/burn_data_sorted/Third-degree/img550.jpg,2,Third-degree
/content/burn_data_sorted/Second-degree/img644.jpg,1,Second-degree
/content/burn_data_sorted/First-degree/img489.jpg,0,First-degree
/content/burn_data_sorted/Second-degree/img560.jpg,1,Second-degree
/content/burn_data_sorted/Second-degree/img857.jpg,1,Second-degree
/content/burn_data_sorted/Third-degree/img213.jpg,2,Third-degree
/content/burn_data_sorted/First-degree/img618.jpg,0,First-degree
/content/burn_data_sorted/Second-degree/img254.jpg,1,Second-degree
/content/burn_data_sorted/Second-degree/img248.jpg,1,Second-degree
/content/burn_data_sorted/Third-degree/img1243.jpg,2,Third-degree
/content/burn_data_sorted/Third-degree/img993.jpg,2,Third-degree
/content/burn_data_sorted/Second-degree/img191.jpg,1,Second-degree
/content/burn_data_sorted/Second-degree/img511.jpg,1,Second-degree
/content/burn_data_sorted/First-degree/img182.jpg,0,First-degree
/content/burn_data_sorted/Third-degree/img821.jpg,2,Third-degree
/content/burn_data_sorted/Third-degree/img61.jpg,2,Third-degree
/content/burn_data_sorted/Third-degree/img337.jpg,2,Third-degree
/content/burn_data_sorted/First-degree/img1280.jpg,0,First-degree
/content/burn_data_sorted/Third-degree/img785.jpg,2,Third-degree
/content/burn_data_sorted/Third-degree/img1207.jpg,2,Third-degree
/content/burn_data_sorted/Third-degree/img1186.jpg,2,Third-degree
/content/burn_data_sorted/Second-degree/img132.jpg,1,Second-degree
/content/burn_data_sorted/Third-degree/img824.jpg,2,Third-degree
/content/burn_data_sorted/Second-degree/img643.jpg,1,Second-degree
/content/burn_data_sorted/Second-degree/img311.jpg,1,Second-degree
/content/burn_data_sorted/Second-degree/img95.jpg,1,Second-degree
/content/burn_data_sorted/First-degree/img521.jpg,0,First-degree
/content/burn_data_sorted/First-degree/img596.jpg,0,First-degree
/content/burn_data_sorted/First-degree/img438.jpg,0,First-degree
/content/burn_data_sorted/First-degree/img307.jpg,0,First-degree
/content/burn_data_sorted/Second-degree/img1085.jpg,1,Second-degree
/content/burn_data_sorted/Second-degree/img1192.jpg,1,Second-degree
/content/burn_data_sorted/Third-degree/img1281.jpg,2,Third-degree
/content/burn_data_sorted/Second-degree/img677.jpg,1,Second-degree
/content/burn_data_sorted/Second-degree/img371.jpg,1,Second-degree
/content/burn_data_sorted/Second-degree/img895.jpg,1,Second-degree
/content/burn_data_sorted/Second-degree/img1307.jpg,1,Second-degree
/content/burn_data_sorted/Second-degree/img1158.jpg,1,Second-degree
/content/burn_data_sorted/Second-degree/img517.jpg,1,Second-degree
/content/burn_data_sorted/First-degree/img905.jpg,0,First-degree
/content/burn_data_sorted/Second-degree/img921.jpg,1,Second-degree
/content/burn_data_sorted/Second-degree/img615.jpg,1,Second-degree
/content/burn_data_sorted/Second-degree/img513.jpg,1,Second-degree
/content/burn_data_sorted/Second-degree/img437.jpg,1,Second-degree
/content/burn_data_sorted/First-degree/img383.jpg,0,First-degree
/content/burn_data_sorted/First-degree/img796.jpg,0,First-degree
/content/burn_data_sorted/Third-degree/img55.jpg,2,Third-degree
/content/burn_data_sorted/First-degree/img607.jpg,0,First-degree
/content/burn_data_sorted/Third-degree/img275.jpg,2,Third-degree
/content/burn_data_sorted/First-degree/img104.jpg,0,First-degree
/content/burn_data_sorted/First-degree/img390.jpg,0,First-degree
/content/burn_data_sorted/First-degree/img121.jpg,0,First-degree
/content/burn_data_sorted/First-degree/img16.jpg,0,First-degree
